{"Innkeeper Helbrek":{"x":-3827.93,"y":-831.901,"z":10.0906},"Brak Durnad":{"x":-3793.04,"y":-862.698,"z":11.5974},"Brahnmar":{"x":-3797.76,"y":-866.926,"z":11.5981},"Jennabink Powerseam":{"x":-3687.1,"y":-725.396,"z":16.0801},"Naela Trance":{"x":-3758.33,"y":-855.729,"z":10.0241},"Murndan Derth":{"x":-3790.13,"y":-858.467,"z":11.5981},"Edwina Monzor":{"x":-3755.46,"y":-849.402,"z":10.0241},"Wenna Silkbeard":{"x":-2859.09,"y":-1448.46,"z":8.68912},"Neal Allen":{"x":-3712.16,"y":-834.066,"z":11.4796},"Gruham Rumdnul":{"x":-3746.03,"y":-888.592,"z":11.0244},"Dewin Shimmerdawn":{"x":-3700.87,"y":-718.832,"z":11.2287},"Kersok Prond":{"x":-3818.65,"y":-818.816,"z":9.55073},"Samor Festivus":{"x":-3807.19,"y":-823.611,"z":17.1563},"Unger Statforth":{"x":-3645.77,"y":-744.079,"z":9.85006},"Falkan Armonis":{"x":-3704.24,"y":-734.737,"z":10.8371},"Fradd Swiftgear":{"x":-2857.93,"y":-1481.26,"z":10.1697},"Stuart Fleming":{"x":-3755.63,"y":-720.676,"z":8.18917},"Dark Iron Entrepreneur":{"x":-2654.2,"y":-2314.79,"z":77.6986},"Kixxle":{"x":-3188.03,"y":-2465.57,"z":9.67295},"Telurinon Moonshadow":{"x":-3687.09,"y":-719.98,"z":11.2215},"Harold Riggs":{"x":-3762.84,"y":-723.912,"z":8.20166},"Fremal Doohickey":{"x":-3840.27,"y":-836.852,"z":16.9484},"Shellei Brondir":{"x":-3793.2,"y":-782.052,"z":9.09773}}
