{"Innkeeper Shaussiy":{"x":6406.51,"y":515.367,"z":8.72571},"Naram Longclaw":{"x":6571.59,"y":480.527,"z":8.33259},"Shaldyn":{"x":6568.22,"y":439.552,"z":9.14274},"Mavralyn":{"x":6534.43,"y":518.322,"z":9.14274},"Harlon Thornguard":{"x":6528.26,"y":515.126,"z":9.14274},"Elisa Steelhand":{"x":6538.29,"y":443.297,"z":7.224},"Dalmond":{"x":6564.99,"y":488.889,"z":8.33558},"Valdaron":{"x":6560.45,"y":442.669,"z":9.14274},"Kyndri":{"x":6385.84,"y":524.491,"z":8.73531},"Allyndia":{"x":6428.75,"y":510.32,"z":8.73342},"Taldan":{"x":6415.99,"y":529.098,"z":8.7366},"Ullanna":{"x":4998.98,"y":72.8715,"z":52.7886},"Tiyani":{"x":4986.99,"y":80.0395,"z":52.8232},"Laird":{"x":6399.57,"y":533.387,"z":8.73894},"Heldan Galesong":{"x":5872.68,"y":519.849,"z":9.13095},"Thelgrum Stonehammer":{"x":6534.42,"y":437.945,"z":7.36371},"Gorbold Steelhand":{"x":6535.77,"y":445.551,"z":7.12758},"Gubber Blump":{"x":6371.34,"y":577.405,"z":0.162417},"Grondal Moonbreeze":{"x":6563.51,"y":436.932,"z":9.14274},"Kurdram Stonehammer":{"x":6542.64,"y":436.392,"z":7.61732},"Delfrum Flintbeard":{"x":6545.89,"y":440.145,"z":7.65281},"Jenna Lemkenilli":{"x":6537.81,"y":432.833,"z":7.48059},"Caylais Moonfeather":{"x":6343.2,"y":561.651,"z":16.1047}}
