{"Innkeeper Thulbek":{"x":-12434.4,"y":211.559,"z":2.44848},"Innkeeper Skindle":{"x":-14457.7,"y":495.348,"z":15.2129},"Vharr":{"x":-12357.8,"y":155.552,"z":4.32853},"Hragran":{"x":-12410.2,"y":203.675,"z":2.43441},"Krakk":{"x":-12357.7,"y":142.379,"z":4.56038},"Zarena Cromwind":{"x":-14379.1,"y":412.672,"z":6.8203},"Jaquilina Dramet":{"x":-11622.1,"y":-60.6165,"z":11.038},"Haren Kanmae":{"x":-14340.6,"y":414.604,"z":6.71338},"Kizz Bluntstrike":{"x":-14368.6,"y":416.774,"z":6.71338},"Jutak":{"x":-14467.8,"y":468.374,"z":15.1064},"Hurklor":{"x":-14361.9,"y":372.226,"z":24.4477},"Fargon Mortalak":{"x":-14359.1,"y":367.467,"z":24.4626},"Jansen Underwood":{"x":-14380,"y":365.551,"z":24.0385},"Qixdi Goodstitch":{"x":-14468.3,"y":424.603,"z":25.4592},"Rin\u0027wosho the Trader":{"x":-11849.5,"y":1259.08,"z":6.88076},"Corporal Bluth":{"x":-11295.8,"y":-201.343,"z":75.7853},"Nerrist":{"x":-12412.3,"y":134.007,"z":3.94486},"Uthok":{"x":-12358,"y":207.355,"z":4.23162},"Sly Garrett":{"x":-14437.3,"y":408.212,"z":15.1134},"Old Man Heming":{"x":-14451.3,"y":471.164,"z":4.28487},"Narkk":{"x":-14334.8,"y":425.681,"z":6.70968},"Kelsey Yance":{"x":-14331.2,"y":419.298,"z":6.71339},"Xizk Goodstitch":{"x":-14439.6,"y":388.911,"z":32.398},"Cowardly Crosby":{"x":-14677.5,"y":497.89,"z":1.76032},"Mazk Snipeshot":{"x":-14364.5,"y":402.075,"z":6.71338},"Gnaz Blunderflame":{"x":-12666.6,"y":-1032.14,"z":97.9603},"Rikqiz":{"x":-14404,"y":402.896,"z":23.1433},"Nixxrax Fillamug":{"x":-14451.7,"y":495.417,"z":15.1901},"Crazk Sparks":{"x":-14430.2,"y":410.963,"z":15.3606},"Wigcik":{"x":-14444,"y":433.765,"z":4.27238},"Blixrez Goodstitch":{"x":-14467.5,"y":418.34,"z":25.4871},"Glyx Brewright":{"x":-14491.6,"y":425.177,"z":34.6765},"Nargatt":{"x":-12414,"y":166.158,"z":3.4752},"Knaz Blunderflame":{"x":-12667.6,"y":-1037.03,"z":97.705},"Flora Silverwind":{"x":-14481.1,"y":451.732,"z":30.6957},"Mudduk":{"x":-12358.8,"y":220.811,"z":4.14172},"Brawn":{"x":-12398.2,"y":195.151,"z":2.43474},"Kragg":{"x":-12388.9,"y":227.696,"z":2.40931},"Ian Strom":{"x":-14450.8,"y":509.668,"z":21.8539},"Grarnik Goodstitch":{"x":-14437.8,"y":384.766,"z":32.398},"Myizz Luckycatch":{"x":-14449.2,"y":468.424,"z":15.3565},"Brikk Keencraft":{"x":-14383,"y":370.766,"z":24.006},"Jaxin Chong":{"x":-14486.7,"y":431.513,"z":34.6682},"Angrun":{"x":-12335.5,"y":163.185,"z":2.9533},"Zudd":{"x":-12399.8,"y":235.511,"z":2.21116},"Oglethorpe Obnoticus":{"x":-14417,"y":411.288,"z":22.7816},"Se\u0027Jib":{"x":-12619,"y":-111.231,"z":18.5},"Thysta":{"x":-12417.5,"y":144.474,"z":3.36881},"Gringer":{"x":-14448.6,"y":506.129,"z":26.3565},"Gyll":{"x":-14477.9,"y":464.101,"z":36.4656},"Nizzle":{"x":-11340.5,"y":-219.14,"z":75.2143}}
