{"Thanthaldis Snowgleam":{"x":-24.1885,"y":-321.177,"z":131.224},"Jekyll Flandring":{"x":393.567,"y":-976.087,"z":110.218},"Bro\u0027kin":{"x":774.47,"y":-287.346,"z":153.266},"Rizz Loosebolt":{"x":843.62,"y":-541.104,"z":139.87},"Zan Shivsproket":{"x":7.32368,"y":-1623.33,"z":189.58},"Smudge Thunderwood":{"x":14.5248,"y":-1628.05,"z":189.581},"Mirvyna Jinglepocket":{"x":3.85053,"y":-338.2,"z":131.281},"Dillord Copperpinch":{"x":406.803,"y":-952.91,"z":110.948},"Fahrad":{"x":0.704047,"y":-1581.18,"z":203.877}}
