{"Innkeeper Fizzgrimble":{"x":-7158.96,"y":-3841.61,"z":8.84809},"Krinkle Goodsteel":{"x":-7200.43,"y":-3769.82,"z":8.75939},"Wrinkle Goodsteel":{"x":-7149.83,"y":-3723.66,"z":8.57805},"Blizrik Buckshot":{"x":-7141.49,"y":-3719.69,"z":8.57809},"Yarley":{"x":-8479.39,"y":-4627.54,"z":-205.021},"Alchemist Pestlezugg":{"x":-7115.3,"y":-3729.93,"z":8.85665},"Vizzklick":{"x":-7133.52,"y":-3738.63,"z":8.43919},"Marin Noggenfogger":{"x":-7193.42,"y":-3793.48,"z":9.76213},"Dirge Quikcleave":{"x":-7168.27,"y":-3850.27,"z":8.84728},"Gikkix":{"x":-6890.53,"y":-4816.76,"z":8.78429},"Jabbey":{"x":-6886.48,"y":-4842.28,"z":8.62219},"Haughty Modiste":{"x":-6899.22,"y":-4811.38,"z":8.75024},"Alexston Chrome":{"x":-8158.85,"y":-4859.13,"z":-24.7839},"Andormu":{"x":-8371.93,"y":-4250.21,"z":-204.377},"Galgrom":{"x":-8540.37,"y":-4621.42,"z":-209.434},"Bortega":{"x":-8518.71,"y":-4624.5,"z":-212.199},"Alurmi":{"x":-8526.66,"y":-4606.13,"z":-211.965},"Evee Copperspring":{"x":-7122.35,"y":-3770.56,"z":9.35682},"Ecton Brasstumbler":{"x":-7120.75,"y":-3774.16,"z":9.0363},"Nixx Sprocketspring":{"x":-7131.99,"y":-3839.67,"z":9.14882},"Pikkle":{"x":-7167.72,"y":-3743.08,"z":8.78314},"Buzzek Bracketswing":{"x":-7150.31,"y":-3830.19,"z":8.5924},"Bera Stonehammer":{"x":-7224.87,"y":-3738.21,"z":8.48369},"Bulkrek Ragefist":{"x":-7045.24,"y":-3779.4,"z":10.3158}}
