{"Innkeeper Thulfram":{"x":399.725,"y":-2119.74,"z":131.563},"Lard":{"x":-622.033,"y":-4583.4,"z":11.7704},"Harggan":{"x":333.705,"y":-2091.51,"z":131.647},"Smith Slagtree":{"x":-589.954,"y":-4548.46,"z":9.16149},"Ruppo Zipcoil":{"x":497.455,"y":-2896.63,"z":165.914},"Truk Wildbeard":{"x":380.805,"y":-2128.05,"z":121.09},"Nioma":{"x":353.505,"y":-2086.86,"z":113.868},"Gigget Zipcoil":{"x":476.271,"y":-2901.61,"z":165.232},"Otho Moji\u0027ko":{"x":-563.159,"y":-4631.15,"z":13.3094},"Mystic Yayo\u0027jin":{"x":-541.708,"y":-4608.89,"z":13.1227},"Katoom the Angler":{"x":-626.071,"y":-4667.71,"z":6.50807},"Renn\u0027az":{"x":-622.67,"y":-4533.81,"z":11.8626},"Drakk Stonehand":{"x":350.42,"y":-2090.4,"z":113.868},"Gorkas":{"x":-631.736,"y":-4720.6,"z":5.48226},"Guthrum Thunderfist":{"x":282.096,"y":-2001.28,"z":194.127}}
