{"Innkeeper Farley":{"x":-9462.66,"y":16.1915,"z":57.0459},"Corina Steele":{"x":-9464.87,"y":93.9896,"z":58.5271},"Kurran Steele":{"x":-9457.64,"y":99.6884,"z":58.4271},"Janos Hammerknuckle":{"x":-8909.46,"y":-104.163,"z":82.0314},"Dermot Johns":{"x":-8897.71,"y":-115.328,"z":81.9982},"Veldan Lightfoot":{"x":-9649.72,"y":661.417,"z":38.7355},"Morley Eberlein":{"x":-9548.45,"y":-709.983,"z":90.5103},"Rallic Finn":{"x":-9469.28,"y":-1355.24,"z":47.4289},"Godric Rothgar":{"x":-8898.23,"y":-119.838,"z":82.016},"Quartermaster Hudson":{"x":-9653.95,"y":659.651,"z":38.7355},"Quartermaster Hicks":{"x":-9652.26,"y":654.731,"z":38.7355},"Andrew Krighton":{"x":-9462.29,"y":87.8151,"z":58.4211},"Tharynn Bouden":{"x":-9494.13,"y":83.9096,"z":56.6586},"Brog Hamfist":{"x":-9465.29,"y":9.63314,"z":57.1459},"Brother Danil":{"x":-8901.59,"y":-112.716,"z":82.0314},"Joshua Maclure":{"x":-10008.3,"y":65.2117,"z":34.8658},"Katie Hunter":{"x":-9455.37,"y":-1385.33,"z":47.2098},"Barkeep Dobbins":{"x":-9459.98,"y":8.41135,"z":57.1459},"Antonio Perelli":{"x":-9628.33,"y":-1176.14,"z":39.9827},"Homer Stonefield":{"x":-9858.46,"y":365.972,"z":36.3371},"Sergeant De Vries":{"x":-9633.79,"y":699.489,"z":38.7355},"Dawn Brightstar":{"x":-9541.13,"y":-716.466,"z":99.2953},"Drake Lindgren":{"x":-9483.1,"y":-1356.25,"z":47.041},"Terry Palin":{"x":-9404.85,"y":-1343.52,"z":50.1107},"Toddrick":{"x":-9466.42,"y":0.061252,"z":57.0335},"Kira Songshine":{"x":-9493.63,"y":67.1881,"z":56.2467},"Donni Anthania":{"x":-9176.5,"y":0.704102,"z":80.4761},"Dane Winslow":{"x":-8927.62,"y":-201.787,"z":80.6824},"Cylina Darkheart":{"x":-9466.97,"y":-5.52935,"z":49.8766},"Sylannia":{"x":-1585.4,"y":163.72,"z":-7.31547},"Stamp Thunderhorn":{"x":-1584.82,"y":167.721,"z":-7.37061},"Lhara":{"x":-1575.47,"y":177.926,"z":-7.70948},"Professor Thaddeus Paleo":{"x":-1579.04,"y":176.145,"z":-7.70948},"Flik":{"x":-1527.06,"y":162.435,"z":-7.66781},"Barleybrew Apprentice":{"x":9976.78,"y":2194.46,"z":1329.07},"Thunderbrew Apprentice":{"x":9980.41,"y":2205.51,"z":1328.91},"Khelden Bremen":{"x":-8851.57,"y":-188.234,"z":89.4958},"Zaldimar Wefhellt":{"x":-9471.67,"y":34.451,"z":63.9038},"Priestess Anetta":{"x":-8853.59,"y":-193.336,"z":82.1157},"Priestess Josetta":{"x":-9460.75,"y":33.1338,"z":63.9038},"Drusilla La Salle":{"x":-8926.74,"y":-195.589,"z":80.7714},"Smith Argus":{"x":-9456.65,"y":87.8553,"z":58.4271},"Maximillian Crowe":{"x":-9472.8,"y":-5.32661,"z":49.8778},"Llane Beshere":{"x":-8918.36,"y":-208.411,"z":82.3088},"Lyria Du Lac":{"x":-9461.85,"y":109.353,"z":57.8784},"Jorik Kerridan":{"x":-8863.47,"y":-210.905,"z":80.755},"Keryn Sylvius":{"x":-9465.79,"y":12.6454,"z":63.9038},"Brother Sammuel":{"x":-8914.57,"y":-215.016,"z":82.2996},"Brother Wilhelm":{"x":-9468.14,"y":108.976,"z":57.6606},"Eldrin":{"x":-9537.24,"y":-1214.05,"z":48.2341},"Alchemist Mallory":{"x":-9056,"y":152.629,"z":115.116},"Herbalist Pomeroy":{"x":-9060,"y":148.566,"z":115.222},"Tomas":{"x":-9466.99,"y":-4.53396,"z":57.033},"Adele Fielder":{"x":-9375.68,"y":-74.4761,"z":64.5206},"Lee Brown":{"x":-9382.08,"y":-117.005,"z":58.9841},"Michelle Belle":{"x":-9456.81,"y":29.361,"z":63.9038},"Randal Hunter":{"x":-9441.02,"y":-1391.25,"z":46.8758},"Helene Peltskinner":{"x":-9380.23,"y":-69.5295,"z":64.5206},"Kitta Firewind":{"x":-9576.3,"y":-718.124,"z":99.2704}}
