{"Innkeeper Janene":{"x":-3616.13,"y":-4470.82,"z":14.3286},"Axle":{"x":-4629.94,"y":-3176.12,"z":41.2235},"\"Little\" Logok":{"x":-3165.61,"y":-2911.76,"z":35.1392},"Krak":{"x":-3112.94,"y":-2885.78,"z":35.3489},"Zulrg":{"x":-3146.33,"y":-2873.78,"z":34.3575},"Hans Weston":{"x":-3797.94,"y":-4367.99,"z":16.8715},"Marie Holdston":{"x":-3785.93,"y":-4366.85,"z":16.8715},"Torq Ironblast":{"x":-3712.46,"y":-4519.1,"z":11.9936},"Piter Verance":{"x":-3708.59,"y":-4513.15,"z":11.9936},"Jensen Farran":{"x":-3779.61,"y":-4542.27,"z":11.4837},"Zanara":{"x":-3086.6,"y":-2838.95,"z":34.5123},"Razbo Rustgear":{"x":-4603.66,"y":-3210.94,"z":35.0084},"Ogg\u0027marr":{"x":-3117.45,"y":-2902,"z":34.0738},"Gregor MacVince":{"x":-3835.71,"y":-4397.69,"z":11.0168},"Dwane Wertle":{"x":-3690.54,"y":-4554.1,"z":11.9936},"Bartender Lillian":{"x":-3615.71,"y":-4475.2,"z":14.3286},"Craig Nollward":{"x":-3617.13,"y":-4487.07,"z":14.3156},"Charity Mipsy":{"x":-3843.46,"y":-4516.15,"z":9.845},"Helenia Olden":{"x":-3834.53,"y":-4462.94,"z":12.564},"Uma Bartulm":{"x":-3701.78,"y":-4338.76,"z":11.5004},"Ghok\u0027kah":{"x":-3112.53,"y":-2820.13,"z":34.3158},"Nat Pagle":{"x":1735.39,"y":1077.48,"z":6.87962},"Balai Lok\u0027Wein":{"x":-3095.85,"y":-2890.54,"z":34.6661},"Krixil Slogswitch":{"x":-4591.4,"y":-3165.59,"z":34.3687},"\"Dirty\" Michael Crowe":{"x":-3849.32,"y":-4610.16,"z":9.27867},"Brant Jasperbloom":{"x":-3697.02,"y":-4335.27,"z":11.4991},"Alchemist Narett":{"x":-3700.84,"y":-4331.73,"z":11.4981},"Brother Karman":{"x":-3692.69,"y":-4513.3,"z":11.7964},"Captain Evencane":{"x":-3727.67,"y":-4538.45,"z":25.917},"Timothy Worthington":{"x":-3846.73,"y":-4449.22,"z":17.3314},"Ysuria":{"x":-3750.09,"y":-4442.59,"z":30.5687},"Horace Alder":{"x":-3738.56,"y":-4442.27,"z":56.2398},"Baldruc":{"x":-3828.88,"y":-4517.51,"z":10.7437},"Shardi":{"x":-3149.14,"y":-2842.13,"z":34.6649},"Dyslix Silvergrub":{"x":-4568.4,"y":-3223.19,"z":34.9894}}
