{"Innkeeper Kauth":{"x":-2365.37,"y":-347.31,"z":-8.87365},"Marjak Keenblade":{"x":-2926.32,"y":-215.715,"z":54.2598},"Varia Hardhide":{"x":-2918.75,"y":-219.651,"z":54.2598},"Bronk Steelrage":{"x":-2927.32,"y":-223.131,"z":54.2598},"Mahnott Roughwound":{"x":-2280.13,"y":-297.768,"z":-9.2931},"Kennah Hawkseye":{"x":-2275.53,"y":-289.265,"z":-9.263},"Varg Windwhisper":{"x":-2283.34,"y":-305.997,"z":-9.34159},"Harant Ironbrace":{"x":-2284.47,"y":-310.26,"z":-9.34159},"Kawnie Softbreeze":{"x":-2893.72,"y":-279.332,"z":53.9997},"Moorat Longstride":{"x":-2247.81,"y":-308.157,"z":-9.30564},"Wunna Darkmane":{"x":-2265.6,"y":-324.433,"z":-9.29644},"Harb Clawhoof":{"x":-2279.8,"y":-392.07,"z":-9.31362},"Moodan Sungrain":{"x":-2940.84,"y":-245.957,"z":53.8927},"Jhawna Oatwind":{"x":-2378.96,"y":-399.268,"z":-3.806},"Harn Longcast":{"x":-2158.6,"y":-392.948,"z":-2.94725},"Sylannia":{"x":-1585.4,"y":163.72,"z":-7.31547},"Stamp Thunderhorn":{"x":-1584.82,"y":167.721,"z":-7.37061},"Lhara":{"x":-1575.47,"y":177.926,"z":-7.70948},"Professor Thaddeus Paleo":{"x":-1579.04,"y":176.145,"z":-7.70948},"Flik":{"x":-1527.06,"y":162.435,"z":-7.66781},"Harutt Thunderhorn":{"x":-2880.43,"y":-213.02,"z":54.9039},"Gart Mistrunner":{"x":-2873.57,"y":-268.591,"z":54.0531},"Lanka Farshot":{"x":-2865.4,"y":-225.731,"z":54.9617},"Meela Dawnstrider":{"x":-2873.88,"y":-264.709,"z":54.0072},"Krang Stonehoof":{"x":-2347.98,"y":-495.92,"z":-8.96404},"Gennia Runetotem":{"x":-2315.75,"y":-442.634,"z":-5.35507},"Yaw Sharpmane":{"x":-2180.22,"y":-408.816,"z":-4.51826},"Narm Skychaser":{"x":-2298.96,"y":-437.742,"z":-5.35507},"Pyall Silentstride":{"x":-2263.26,"y":-284.941,"z":-9.29335},"Chaw Stronghide":{"x":-2254.65,"y":-286.531,"z":-9.34156},"Reban Freerunner":{"x":-2181.63,"y":-402.943,"z":-4.40449},"Kar Stormsinger":{"x":-2275.65,"y":-399.941,"z":-9.32096},"Uthan Stillwater":{"x":-2350.51,"y":-238.716,"z":-8.30635},"Vira Younghoof":{"x":-2357.02,"y":-356.585,"z":-8.87365},"Yonn Deepcut":{"x":-2251.83,"y":-288.483,"z":-9.34156},"Twizwick Sprocketgrind":{"x":-1348.7,"y":-1129.96,"z":141.803}}
