{"Innkeeper Kimlya":{"x":2781.16,"y":-432.997,"z":116.665},"Innkeeper Kaylisk":{"x":2341.86,"y":-2566.99,"z":102.857},"Bhaldaran Ravenshade":{"x":2087.08,"y":-1199.17,"z":101.791},"Aeolynn":{"x":2769.5,"y":-288.052,"z":111.192},"Tandaan Lightmane":{"x":2754.85,"y":-292.216,"z":111.192},"Burkrum":{"x":2354.76,"y":-2540.69,"z":102.896},"Xai\u0027ander":{"x":2672.31,"y":-363.604,"z":110.811},"Illiyana Moonblaze":{"x":1449.63,"y":-1845.65,"z":126.347},"Phaedra":{"x":2971.21,"y":-3293.16,"z":155.247},"Dalria":{"x":2669.6,"y":-325.29,"z":109.993},"Shandrina":{"x":2094.19,"y":-1153.36,"z":101.876},"Harklan Moongrove":{"x":2097.78,"y":-1231.84,"z":101.876},"Lardan":{"x":2757.27,"y":-306.507,"z":120.581},"Nantar":{"x":2754.83,"y":-441.923,"z":111.553},"Ulthaan":{"x":2111.36,"y":-1183.69,"z":101.861},"Maliynn":{"x":2751.84,"y":-412.033,"z":111.542},"Haljan Oakheart":{"x":2717.7,"y":-309.66,"z":110.811},"Fahran Silentblade":{"x":2771.84,"y":-404.299,"z":111.544},"Llana":{"x":2810.12,"y":-317.286,"z":109.078},"Harlown Darkweave":{"x":2365,"y":648.994,"z":152.894},"Wik\u0027Tar":{"x":3362.23,"y":1024.84,"z":2.95413},"Gapp Jinglepocket":{"x":1488.52,"y":-1879.92,"z":111.382},"Bolyun":{"x":2365.24,"y":663.365,"z":153.308},"Danlaar Nightstride":{"x":2061.15,"y":-1191.24,"z":101.053},"Kylanna":{"x":2093.31,"y":-1232.44,"z":101.876},"Cylania Rootstalker":{"x":2090.92,"y":-1222.86,"z":101.876},"Aayndia Floralwind":{"x":2670.32,"y":-374.732,"z":110.811},"Caelyb":{"x":2098.61,"y":-1167.34,"z":101.876},"Jayla":{"x":2086.49,"y":-1182.08,"z":101.779},"Alenndaar Lapidaar":{"x":2373.12,"y":661.411,"z":153.254},"Kil\u0027Hiwana":{"x":3379.21,"y":1075.54,"z":0.373861},"Daelyshia":{"x":2828.38,"y":-284.25,"z":106.69},"Andruk":{"x":3373.69,"y":994.351,"z":5.36158},"Vhulgra":{"x":2305.64,"y":-2520.15,"z":103.893},"Suralais Farwind":{"x":3002.88,"y":-3206.81,"z":190.114}}
