{"Matron Tikkit":{"x":-1229.58,"y":7161.33,"z":57.3484},"Caregiver Isel":{"x":-2761.41,"y":7300.42,"z":43.5535},"Pilot Marsha":{"x":-1480.12,"y":6357.98,"z":34.3477},"Osrok the Immovable":{"x":-1332.88,"y":7197.08,"z":34.2739},"Sparik":{"x":-2539.58,"y":7356.25,"z":7.04717},"Paulsta\u0027ats":{"x":-2062.86,"y":8626.81,"z":23.37},"\"King\" Dond":{"x":-2160.02,"y":6666.19,"z":2.58939},"Vanteg":{"x":-1274.64,"y":7257.09,"z":39.1036},"Ogir":{"x":-2517.67,"y":7242.01,"z":16.3977},"Mathar G\u0027ochar":{"x":-1442.5,"y":7148.01,"z":40.9473},"Borto":{"x":-2605.9,"y":7353.36,"z":23.6901},"Matron Qualia":{"x":-1282.69,"y":7228.01,"z":39.0415},"Nancila":{"x":-2555.97,"y":7241.52,"z":15.2267},"Uriku":{"x":-2659.33,"y":7189.98,"z":23.6825},"Nula the Butcher":{"x":-1272.24,"y":7083.96,"z":38.4424},"Trader Narasu":{"x":-2726.23,"y":7282.37,"z":40.9782},"Provisioner Nasela":{"x":-1321.66,"y":7342.35,"z":34.5839},"Grikkin Copperspring":{"x":-2163.33,"y":6659.34,"z":0.1057},"Furgu":{"x":-2723.1,"y":7302.84,"z":88.7157},"Gursha":{"x":-1256.63,"y":7136.17,"z":57.3484}}
