{"Innkeeper Gryshka":{"x":1597.02,"y":-4395.84,"z":8.61465},"Urtharo":{"x":1634.23,"y":-4347.62,"z":4.60654},"Tor\u0027phan":{"x":1802.08,"y":-4561.55,"z":23.0896},"Handor":{"x":1855.82,"y":-4562.49,"z":25.0703},"Ollanus":{"x":1583.8,"y":-4473.31,"z":8.03965},"Sana":{"x":1598.94,"y":-4397.32,"z":8.49337},"Morgum":{"x":1589.02,"y":-4469.48,"z":7.97558},"Kaja":{"x":1598.06,"y":-4400.97,"z":7.78653},"Muragus":{"x":1823.88,"y":-4302.59,"z":-12.0871},"Kareth":{"x":1750.38,"y":-4320.91,"z":6.22131},"Ukra\u0027nor":{"x":1580.05,"y":-4097.68,"z":36.5514},"Sumi":{"x":2049.79,"y":-4839.13,"z":24.6611},"Kiro":{"x":1878.64,"y":-4708.13,"z":39.5779},"Koru":{"x":2098.59,"y":-4823.44,"z":34.1185},"Shoma":{"x":2097.42,"y":-4824.92,"z":24.3311},"Zendo\u0027jian":{"x":2099.23,"y":-4818.85,"z":24.3856},"Jin\u0027sora":{"x":1914.16,"y":-4775.87,"z":36.565},"Galthuk":{"x":2097.44,"y":-4834.81,"z":24.3465},"Tumi":{"x":2053.4,"y":-4838.88,"z":24.6611},"Katis":{"x":1820.77,"y":-4300.23,"z":-12.0871},"Olvia":{"x":1599.6,"y":-4399.69,"z":8.52417},"Trak\u0027gen":{"x":1520.54,"y":-4355.58,"z":19.0778},"Horthus":{"x":1744.9,"y":-4317.86,"z":33.6204},"Kor\u0027jus":{"x":1766.71,"y":-4367.36,"z":-15.7114},"Shankys":{"x":1995.41,"y":-4662.32,"z":27.1175},"Rekkul":{"x":1811.04,"y":-4270.9,"z":7.39614},"Hagrus":{"x":1846.54,"y":-4325.67,"z":-15.3924},"Shan\u0027ti":{"x":1784.44,"y":-4205.35,"z":40.3172},"Kithas":{"x":1918.26,"y":-4436.26,"z":24.8571},"Kor\u0027geld":{"x":1954.75,"y":-4466.79,"z":26.0185},"Asoran":{"x":1891.6,"y":-4326.75,"z":23.4799},"Magenius":{"x":1890.9,"y":-4322.09,"z":23.4799},"Gorina":{"x":2025.08,"y":-4708.91,"z":27.1134},"Ogunaro Wolfrunner":{"x":2159.36,"y":-4653.74,"z":49.9681},"Borya":{"x":1792.65,"y":-4565.39,"z":23.0896},"Tamar":{"x":1848.01,"y":-4564.89,"z":25.0703},"Felika":{"x":1601.15,"y":-4401.67,"z":9.1794},"Borstan":{"x":1775.1,"y":-4482.91,"z":45.7307},"Gotri":{"x":1780.63,"y":-4505.51,"z":27.8288},"Xen\u0027to":{"x":1779.08,"y":-4488.08,"z":45.7307},"Zeal\u0027aya":{"x":1904.86,"y":-4451.63,"z":53.5045},"Sovik":{"x":2036.63,"y":-4739.49,"z":29.47},"Garyl":{"x":1579.36,"y":-4294.5,"z":26.3315},"Barkeep Morag":{"x":1640.83,"y":-4446.99,"z":15.7167},"Kurgul":{"x":1836.86,"y":-4347.13,"z":-14.5352},"Shimra":{"x":1522.3,"y":-4352.53,"z":19.1316},"Xan\u0027tish":{"x":1527.53,"y":-4154.75,"z":40.8604},"Brave Stonehide":{"x":1673.81,"y":-4216.64,"z":56.3817},"Stone Guard Zarg":{"x":1641.65,"y":-4197.52,"z":56.3823},"First Sergeant Hola\u0027mahi":{"x":1644.59,"y":-4195.53,"z":56.3817},"Raider Bork":{"x":1633.56,"y":-4263.7,"z":49.326},"Kaymard Copperpinch":{"x":1651.95,"y":-4428.67,"z":17.0995},"Penney Copperpinch":{"x":1657.5,"y":-4426.88,"z":17.3676},"Alowicious Czervik":{"x":1627.82,"y":-4413.17,"z":15.9271},"Deze Snowbane":{"x":1987.05,"y":-4800.83,"z":56.1305},"Rachelle Gothena":{"x":1655.58,"y":-4435.21,"z":17.873},"Lunar Festival Vendor":{"x":9490.62,"y":-7290.23,"z":14.3964},"Midsummer Merchant":{"x":9790.85,"y":-7250.58,"z":26.1002},"Ray\u0027ma":{"x":1472.61,"y":-4209.17,"z":43.2693},"Brew Vendor":{"x":1475.8,"y":-4210.23,"z":43.2693},"Snarl":{"x":2055.83,"y":-4797.07,"z":23.1332},"Hanashi":{"x":2090.27,"y":-4824.21,"z":24.4324},"Snang":{"x":1813.26,"y":-4563.33,"z":23.0896},"Thund":{"x":2047.99,"y":-4746.01,"z":29.47},"Grol\u0027dar":{"x":1844.21,"y":-4353.61,"z":-14.5713},"Mirket":{"x":1834.66,"y":-4362.52,"z":-14.5556},"Zevrost":{"x":1848.96,"y":-4360.43,"z":-14.5713},"Gest":{"x":1792.34,"y":-4279.38,"z":7.56427},"Ormok":{"x":1762.88,"y":-4296.38,"z":7.7578},"Lumak":{"x":2000.62,"y":-4659.66,"z":26.7223},"Kardris Dreamseeker":{"x":1933.69,"y":-4224.86,"z":42.4051},"Godan":{"x":1912.18,"y":-4436.61,"z":24.8823},"Yelmak":{"x":1964.88,"y":-4477.84,"z":26.0083},"Ormak Grimshot":{"x":2100.58,"y":-4606.96,"z":59.0132},"Grezz Ragefist":{"x":1980,"y":-4799.74,"z":56.1082},"Sorek":{"x":1970.95,"y":-4808.17,"z":57.0749},"Saru Steelfury":{"x":2058.97,"y":-4835.58,"z":24.6611},"Makaru":{"x":2029.91,"y":-4706.16,"z":27.1134},"Magar":{"x":1806.85,"y":-4573.32,"z":23.0896},"Karolek":{"x":1860.9,"y":-4561.51,"z":25.0703},"Arnok":{"x":1482.72,"y":-4159.95,"z":44.104},"Zamja":{"x":1769.16,"y":-4485.63,"z":45.7307},"Shenthul":{"x":1771.21,"y":-4284.42,"z":8.06748},"Sian\u0027tsu":{"x":1932.88,"y":-4211.3,"z":42.4051},"Jandi":{"x":1904.76,"y":-4460.69,"z":53.5045},"Xor\u0027juul":{"x":2084.96,"y":-4623.77,"z":58.903},"Sian\u0027dur":{"x":2107.35,"y":-4633.78,"z":58.964},"Zel\u0027mak":{"x":1997.93,"y":-4807.95,"z":57.0749},"Nogg":{"x":2036.22,"y":-4746.5,"z":29.47},"Kildar":{"x":2151.36,"y":-4654.14,"z":50.3412},"Kamari":{"x":1855.31,"y":-4568.12,"z":25.0703},"Pephredo":{"x":1473.55,"y":-4218.57,"z":43.2693},"Enyo":{"x":1472.48,"y":-4224.6,"z":43.2693},"Deino":{"x":1468.18,"y":-4219.88,"z":43.2693},"Thuul":{"x":1474.97,"y":-4223.14,"z":59.304},"Zayus":{"x":1461.02,"y":-4181.68,"z":61.644},"X\u0027yera":{"x":1453.24,"y":-4185.65,"z":61.644},"Ur\u0027kyo":{"x":1452.43,"y":-4179.82,"z":44.3602},"Thuwd":{"x":1849.04,"y":-4569.23,"z":25.0703},"Shayis Steelfury":{"x":2054.63,"y":-4805.99,"z":22.6464},"Kelgruk Bloodaxe":{"x":2105.33,"y":-4829.99,"z":24.3134},"Uthel\u0027nay":{"x":1466.88,"y":-4229.92,"z":43.2693},"Xao\u0027tsu":{"x":2135.33,"y":-4610.78,"z":54.6134},"Ug\u0027thok":{"x":2052.21,"y":-4813.46,"z":22.7244},"Roxxik":{"x":2038.4,"y":-4748.98,"z":29.47},"Whuut":{"x":1966.15,"y":-4463.1,"z":26.0065},"Jhag":{"x":1913.25,"y":-4430.54,"z":24.8746},"Okothos Ironrager":{"x":2048.8,"y":-4799.86,"z":23.123},"Borgosh Corebender":{"x":2051.84,"y":-4794.39,"z":23.4942},"Sayoc":{"x":2091.02,"y":-4826.49,"z":24.4207},"Sagorne Creststrider":{"x":1937.84,"y":-4222.84,"z":42.405},"Master Pyreanor":{"x":1939.69,"y":-4133.33,"z":41.2277},"Doras":{"x":1675.79,"y":-4311.64,"z":61.6865}}
