{"Innkeeper Pala":{"x":-1300.28,"y":38.4858,"z":129.292},"Jyn Stonehoof":{"x":-1283.92,"y":84.3608,"z":128.87},"Taur Stonehoof":{"x":-1237.21,"y":101.066,"z":129.16},"Kuna Thunderhorn":{"x":-1168.01,"y":26.1251,"z":145.812},"Hogor Thunderhoof":{"x":-1247.13,"y":-63.1144,"z":162.974},"Delgo Ragetotem":{"x":-1248.23,"y":-47.7374,"z":164.364},"Etu Ragetotem":{"x":-1255.63,"y":-38.5366,"z":164.364},"Kard Ragetotem":{"x":-1244.07,"y":-36.3489,"z":164.364},"Sunn Ragetotem":{"x":-1188.96,"y":-1.3029,"z":165.563},"Sura Wildmane":{"x":-1232.86,"y":-21.8394,"z":164.95},"Tagain":{"x":-1158.5,"y":63.2388,"z":145.878},"Grod":{"x":-1152.76,"y":71.4057,"z":145.878},"Fela":{"x":-1161.71,"y":70.4291,"z":145.878},"Hewa":{"x":-1243.86,"y":40.9178,"z":127.197},"Ahanu":{"x":-1238.58,"y":38.971,"z":127.147},"Elki":{"x":-1243.76,"y":47.3678,"z":127.22},"Ohanko":{"x":-1250.06,"y":-35.4022,"z":164.364},"Kurm Stonehoof":{"x":-1243.53,"y":158.164,"z":133.63},"Fyr Mistrunner":{"x":-1220.14,"y":84.1608,"z":131.203},"Mahu":{"x":-1163.94,"y":59.4857,"z":145.878},"Mani Winterhoof":{"x":-1084.8,"y":21.8068,"z":140.91},"Nata Dawnstrider":{"x":-1119.67,"y":47.1028,"z":141.528},"Nida Winterhoof":{"x":-1125.35,"y":-0.686252,"z":143.777},"Tand":{"x":-1088.24,"y":4.67573,"z":140.681},"Nan Mistrunner":{"x":-1145.67,"y":22.5709,"z":145.363},"Kaga Mistrunner":{"x":-1182.53,"y":-29.266,"z":164.561},"Naal Mistrunner":{"x":-1214.99,"y":-15.534,"z":166.053},"Sewa Mistrunner":{"x":-1177.19,"y":-65.616,"z":162.312},"Miles Welsh":{"x":-956.24,"y":252.418,"z":97.8755},"Thrumn":{"x":-1290.15,"y":123.459,"z":131.642},"Chepi":{"x":-1231.68,"y":136.95,"z":133.063},"Kuruk":{"x":-1300.17,"y":110.54,"z":131.452},"Shadi Mistrunner":{"x":-1295.3,"y":92.4619,"z":129.81},"Pakwa":{"x":-1297.2,"y":106.377,"z":131.343},"Halpa":{"x":-1256.15,"y":-130.285,"z":162.974},"Bashana Runetotem":{"x":-1087.89,"y":-225.033,"z":159.253},"Whulwert Copperpinch":{"x":-1234.51,"y":73.4529,"z":129.591},"Seersa Copperpinch":{"x":-1232.38,"y":75.3483,"z":129.859},"Lunar Festival Vendor":{"x":9490.62,"y":-7290.23,"z":14.3964},"Midsummer Merchant":{"x":9790.85,"y":-7250.58,"z":26.1002},"Pand Stonebinder":{"x":-997.349,"y":206.727,"z":136.221},"Karn Stonehoof":{"x":-1233.33,"y":105.637,"z":129.456},"Brek Stonehoof":{"x":-1252.9,"y":157.965,"z":133.63},"Tepa":{"x":-1165.59,"y":51.9393,"z":145.878},"Una":{"x":-1146.21,"y":83.4766,"z":145.949},"Mak":{"x":-1152.34,"y":77.6831,"z":145.878},"Bena Winterhoof":{"x":-1080.81,"y":30.1093,"z":140.91},"Teg Dawnstrider":{"x":-1110.88,"y":47.8951,"z":140.521},"Komin Winterhoof":{"x":-1131.18,"y":-4.70871,"z":143.644},"Aska Mistrunner":{"x":-1219.57,"y":-12.6973,"z":165.945},"Kah Mistrunner":{"x":-1172.76,"y":-69.2332,"z":162.284},"Siln Skychaser":{"x":-996.925,"y":278.464,"z":138.084},"Tigor Skychaser":{"x":-980.775,"y":269.899,"z":138.084},"Beram Skychaser":{"x":-980.841,"y":287.174,"z":138.084},"Turak Runetotem":{"x":-1039.41,"y":-281.56,"z":159.114},"Sheal Runetotem":{"x":-1037.98,"y":-288.508,"z":159.114},"Kym Wildmane":{"x":-1057.47,"y":-288.536,"z":159.114},"Kary Thunderhorn":{"x":-1464.61,"y":-93.7802,"z":159.101},"Holt Thunderhorn":{"x":-1474.76,"y":-81.3723,"z":161.185},"Urek Thunderhorn":{"x":-1454.48,"y":-100.468,"z":159.101},"Torm Ragetotem":{"x":-1457.96,"y":-80.8058,"z":159.101},"Sark Ragetotem":{"x":-1472.87,"y":-78.1839,"z":161.185},"Ker Ragetotem":{"x":-1444.95,"y":-84.2832,"z":159.101},"Malakai Cross":{"x":-1007.06,"y":260.339,"z":112.115},"Father Cobb":{"x":-994.015,"y":249.055,"z":102.293},"Archmage Shymm":{"x":-951.105,"y":279.08,"z":110.996},"Ursyn Ghull":{"x":-948.744,"y":248.392,"z":97.2304},"Thurston Xane":{"x":-995.85,"y":253.854,"z":101.834},"Birgitte Cranston":{"x":-967.639,"y":281.837,"z":110.805},"Mooranta":{"x":-1150.26,"y":52.8149,"z":144.92},"Hesuwa Thunderhorn":{"x":-1434.44,"y":-47.8479,"z":156.953},"Thrag Stonehoof":{"x":-1244.25,"y":105.084,"z":129.087},"Kray":{"x":-1089.58,"y":29.4413,"z":140.91},"Vhan":{"x":-1158.56,"y":54.7432,"z":145.949},"Mot Dawnstrider":{"x":-1117.91,"y":51.0132,"z":141.18},"Tarn":{"x":-1146.48,"y":74.909,"z":145.949},"Ansekhwa":{"x":-1286.47,"y":89.4229,"z":129.28},"Tal":{"x":-1196.75,"y":26.0777,"z":177.033}}
