{"Innkeeper Boorand Plainswind":{"x":-407.123,"y":-2645.22,"z":96.3063},"Innkeeper Wiley":{"x":-1050.04,"y":-3664.8,"z":23.9684},"Innkeeper Byula":{"x":-2376.27,"y":-1995.74,"z":96.7881},"Hraq":{"x":-343.921,"y":-2558.13,"z":97.9411},"Nargal Deatheye":{"x":-356.996,"y":-2568.86,"z":95.8708},"Jahan Hawkwing":{"x":-350.079,"y":-2566.59,"z":97.4414},"Halija Whitestrider":{"x":-539.841,"y":-2672.23,"z":95.8709},"Uthrok":{"x":-351.184,"y":-2556.51,"z":95.8708},"Ironzar":{"x":-919.616,"y":-3683.76,"z":8.23924},"Vexspindle":{"x":-985.328,"y":-3675.99,"z":9.62932},"Grazlix":{"x":-982.713,"y":-3680.53,"z":9.63783},"Lizzarik":{"x":-974.165,"y":-3635,"z":19.1651},"Vrang Wildgore":{"x":787.375,"y":-1815.08,"z":91.75},"Kiknikle":{"x":-1001.69,"y":-1611.83,"z":91.8646},"Pizznukle":{"x":-996.787,"y":-1609.89,"z":91.75},"Sanuye Runetotem":{"x":-2374.26,"y":-1948.79,"z":96.1699},"Kelm Hargunth":{"x":1046.54,"y":-2104.31,"z":123.065},"Moorane Hearthgrain":{"x":-451.129,"y":-2684.29,"z":95.7333},"Barg":{"x":-410.837,"y":-2612.91,"z":95.8219},"Tari\u0027qa":{"x":-416.915,"y":-2614.44,"z":95.7625},"Wrahk":{"x":-528.839,"y":-2671.6,"z":95.8709},"Kalyimah Stormcloud":{"x":-550.864,"y":-2673.2,"z":95.8709},"Zargh":{"x":-403.68,"y":-2709.34,"z":97.7294},"Hula\u0027mahi":{"x":-428.153,"y":-2584.92,"z":95.8808},"Gagsprocket":{"x":-837.804,"y":-3724.94,"z":26.3722},"Kilxx":{"x":-971.109,"y":-3737.66,"z":5.89569},"Jazzik":{"x":-1008.67,"y":-3651.95,"z":20.1497},"Ranik":{"x":-1002.08,"y":-3652.37,"z":20.1183},"Zizzek":{"x":-1031.99,"y":-3659.05,"z":22.8603},"Gahroot":{"x":-2402.17,"y":-1911.01,"z":96.8255},"Malgin Barleybrew":{"x":-4084.18,"y":-2403.32,"z":125.299},"Larhka":{"x":-393.28,"y":-2641.5,"z":96.3063},"Yonada":{"x":-2396.19,"y":-1937.91,"z":96.8255},"Tarban Hearthgrain":{"x":-555.578,"y":-2965.65,"z":91.7917},"Hecht Copperpinch":{"x":1050.66,"y":-2112.74,"z":124.384},"Matero Zeshuwal":{"x":-783.799,"y":-3702.94,"z":40.0494},"Traugh":{"x":-340.694,"y":-2575.09,"z":97.6699},"Kil\u0027hala":{"x":-529.43,"y":-2667.07,"z":95.8709},"Tinkerwiz":{"x":-840.882,"y":-3727.2,"z":19.9711},"Krulmoo Fullmoon":{"x":-2404.44,"y":-1921.1,"z":96.8255},"Mahani":{"x":-2400.33,"y":-1929.77,"z":96.8255},"Strahad Farsan":{"x":-785.912,"y":-3723.26,"z":40.5152},"Dranh":{"x":-2380.12,"y":-1944.53,"z":95.8659},"Duhng":{"x":-534.552,"y":-2979.56,"z":93.147},"Vazario Linkgrease":{"x":-836.957,"y":-3729.88,"z":19.9708},"Babagaya Shadowcleft":{"x":-782.82,"y":-3704.84,"z":40.2099},"Devrak":{"x":-437.137,"y":-2596,"z":95.8708},"Omusa Thunderhorn":{"x":-2384.08,"y":-1880.94,"z":95.9336},"Bragok":{"x":-898.246,"y":-3769.65,"z":11.7932}}
