{"Innkeeper Anderson":{"x":-857.096,"y":-570.751,"z":11.0649},"Innkeeper Shay":{"x":-5.96873,"y":-942.282,"z":57.1621},"Kris Legace":{"x":-429.726,"y":-1497.85,"z":88.2668},"Zixil":{"x":1758.36,"y":1044.51,"z":6.87962},"Ott":{"x":-158.525,"y":-867.18,"z":56.9813},"Robert Aebischer":{"x":-815.529,"y":-572.187,"z":15.3116},"Hillsbrad Tailor":{"x":-548.899,"y":-109.777,"z":46.592},"Hillsbrad Apprentice Blacksmith":{"x":-548.913,"y":55.2719,"z":51.5509},"Merideth Carlson":{"x":-783.566,"y":-603.281,"z":15.2348},"Neema":{"x":-863.837,"y":-569.354,"z":11.3463},"Bront Coldcleave":{"x":-820.298,"y":-493.174,"z":16.5359},"Barkeep Kelly":{"x":1816.66,"y":1017.11,"z":11.6882},"Nandar Branson":{"x":-818.228,"y":-563.156,"z":16.4909},"Micha Yance":{"x":-773.919,"y":-499.294,"z":18.9325},"Lindea Rabonne":{"x":-900.226,"y":-553.434,"z":6.96295},"Christoph Jeffcoat":{"x":-6.24961,"y":-926.643,"z":57.1723},"Mallen Swain":{"x":-47.5876,"y":-914.222,"z":55.7737},"Derak Nightfall":{"x":-14.0007,"y":-952.195,"z":56.2737},"Kayren Soothallow":{"x":-24.7877,"y":-935.177,"z":55.3061},"George Candarte":{"x":-415.486,"y":-1877.95,"z":73.2646},"Hal McAllister":{"x":1735.42,"y":1075.09,"z":6.87962},"Sarah Raycroft":{"x":-774.517,"y":-505.746,"z":23.7108},"Jaysin Lanyda":{"x":-859.126,"y":-559.593,"z":18.6293},"Jason Lemieux":{"x":-28.3207,"y":-900.884,"z":56.056},"Sergeant Hartman":{"x":-813.614,"y":-547.184,"z":15.6377},"Donald Rabonne":{"x":-902.066,"y":-558.307,"z":6.96295},"Aranae Venomblood":{"x":-16.3703,"y":-908.12,"z":56.1884},"Serge Hinott":{"x":-9.28586,"y":-905.473,"z":57.5575},"Daryl Stack":{"x":-43.4272,"y":-973.3,"z":56.9741},"Zarise":{"x":2.67557,"y":-857.919,"z":58.889},"Darla Harris":{"x":-715.146,"y":-512.134,"z":26.6793}}
