{"Marniel Amberlight":{"x":8700.38,"y":-6638.36,"z":72.8276},"Innkeeper Delaniel":{"x":9476.91,"y":-6859.21,"z":17.4246},"Raelis Dawnstar":{"x":10407.7,"y":-6351.81,"z":37.0533},"Jainthess Thelryn":{"x":10416.8,"y":-6316.6,"z":35.5763},"Faraden Thelryn":{"x":10423.7,"y":-6342.21,"z":37.0533},"Arathel Sunforge":{"x":8986.43,"y":-7419.07,"z":89.4855},"Vara":{"x":9473.87,"y":-6845.84,"z":28.4612},"Geron":{"x":9534.38,"y":-6875.67,"z":18.8333},"Farsil":{"x":9527.11,"y":-6882.95,"z":18.8333},"Areyn":{"x":8980.71,"y":-7411.2,"z":89.4855},"Sathiel":{"x":8692.21,"y":-6639.57,"z":72.8276},"Paelarin":{"x":8983.74,"y":-7443.48,"z":87.1626},"Feledis":{"x":9644.87,"y":-7037.51,"z":15.2466},"Rahein":{"x":9630.69,"y":-7032.97,"z":15.2687},"Sleyin":{"x":9482.34,"y":-6805.51,"z":16.5757},"Shara Sunwing":{"x":10374.1,"y":-6391.75,"z":38.6156},"Yasmine Teli\u0027Larien":{"x":10339.2,"y":-6401.47,"z":38.6156},"Sheri":{"x":9491.64,"y":-6856.79,"z":17.5121},"Landraelanis":{"x":9498.86,"y":-6901.32,"z":28.4306},"Winaestra":{"x":9243.97,"y":-7496.22,"z":37.1339},"Daestra":{"x":9467.32,"y":-6868.37,"z":28.4038},"Sempstress Ambershine":{"x":8680.36,"y":-6327.51,"z":56.0313},"Botanist Tyniarrel":{"x":8678.92,"y":-6329.09,"z":56.0269},"Zalene Firstlight":{"x":8990.88,"y":-7462.58,"z":86.7742},"Halis Dawnstrider":{"x":8731.69,"y":-6656.5,"z":70.6696},"Jilanne":{"x":8683.78,"y":-6694.29,"z":73.2179},"Kinamisa":{"x":9361,"y":-7138.99,"z":8.79271},"Kyrenna":{"x":9552.02,"y":-6825.11,"z":16.5134},"Solanin":{"x":9309.14,"y":-6555.41,"z":34.6716},"Erilia":{"x":9250.39,"y":-7255.58,"z":16.4268},"Sailor Melinan":{"x":8843.81,"y":-6286.78,"z":9.2513},"Julia Sunstriker":{"x":10337.2,"y":-6419.45,"z":38.6156},"Jesthenis Sunstriker":{"x":10366.7,"y":-6431.53,"z":38.6157},"Summoner Teli\u0027Larien":{"x":10337.6,"y":-6405.03,"z":38.6156},"Matron Arena":{"x":10372.4,"y":-6428.84,"z":38.6155},"Aleinia":{"x":9484.79,"y":-6876.58,"z":17.5029},"Ranger Sallina":{"x":10384.7,"y":-6410.67,"z":38.6156},"Magistrix Eredania":{"x":8657.6,"y":-6366.7,"z":53.5858},"Arcanist Sheynathren":{"x":8661.36,"y":-6367,"z":53.6323},"Celoenus":{"x":9467.63,"y":-6862.82,"z":28.4144},"Garridel":{"x":9462.24,"y":-6853.45,"z":28.4612},"Hannovia":{"x":9529.21,"y":-6864.58,"z":18.8327},"Telenus":{"x":9534.17,"y":-6851.21,"z":16.5768},"Kanaria":{"x":9479.53,"y":-6880.07,"z":28.4266},"Mathreyn":{"x":9362.89,"y":-7134.58,"z":8.66731},"Noellene":{"x":9516.05,"y":-6870.96,"z":18.8333},"Ponaris":{"x":9466.62,"y":-6844.23,"z":28.4612},"Quarelestra":{"x":9494.86,"y":-6879.45,"z":28.4306},"Sathein":{"x":9363.75,"y":-7130.75,"z":8.68478},"Tannaria":{"x":9534.15,"y":-6876,"z":26.2321},"Perascamin":{"x":9269.23,"y":-7510.49,"z":37.9325},"Duelist Larenis":{"x":9533.12,"y":-6868.35,"z":18.8333},"Skymistress Gloaming":{"x":9376.08,"y":-7165.45,"z":9.04866}}
