{"Innkeeper Grilka":{"x":-2621.78,"y":4450.3,"z":36.1768},"Innkeeper Biribi":{"x":-2917.88,"y":4021.48,"z":0.51079},"Bar Talet":{"x":-2639.38,"y":4425.39,"z":36.7662},"Cecil Meyers":{"x":-2978.95,"y":4033.12,"z":3.65758},"Horvon the Armorer":{"x":-3376.35,"y":5216.41,"z":-101.048},"Siflaed Coldhammer":{"x":-2844.34,"y":5050.81,"z":-17.9867},"Aundro":{"x":-3753.33,"y":5410.81,"z":-3.23218},"Grella":{"x":-3384.47,"y":3611.3,"z":276.071},"Sylannia":{"x":-1585.4,"y":163.72,"z":-7.31547},"Stamp Thunderhorn":{"x":-1584.82,"y":167.721,"z":-7.37061},"Lhara":{"x":-1575.47,"y":177.926,"z":-7.70948},"Professor Thaddeus Paleo":{"x":-1579.04,"y":176.145,"z":-7.70948},"Flik":{"x":-1527.06,"y":162.435,"z":-7.66781},"Dod\u0027ss":{"x":-2641.01,"y":4374.94,"z":35.7306},"Rungor":{"x":-2657.4,"y":4451.18,"z":36.409},"Supply Officer Mills":{"x":-2909.36,"y":4073.83,"z":3.76196},"Leeli Longhaggle":{"x":-2921.2,"y":3965.34,"z":0.24113},"Fabian Lanzonelli":{"x":-2925.26,"y":3964.77,"z":0.36613},"\"Slim\"":{"x":-3117.44,"y":4964.86,"z":-99.8068},"Provisioner Tsaalt":{"x":-3523.48,"y":4937.63,"z":-101.313},"Spirit Sage Gartok":{"x":-2676.1,"y":4391.73,"z":36.1724},"Spirit Sage Zran":{"x":-2930.6,"y":4058.49,"z":3.67179},"Skraa":{"x":-2839.58,"y":5052.64,"z":-17.3227},"Ruogo":{"x":-2841.87,"y":5049.4,"z":-17.666},"Morula":{"x":-2843.92,"y":5046.5,"z":-17.9738},"Dealer Tariq":{"x":-3521.88,"y":4952.89,"z":-101.313},"Sahaak":{"x":-3867.47,"y":3463.91,"z":275.433},"Anchorite Ensham":{"x":-3739.92,"y":5418.41,"z":-3.31487},"Kerna":{"x":-2563.19,"y":4426.77,"z":39.4383},"Furnan Skysoar":{"x":-2995.4,"y":3873.27,"z":9.6248}}
