{"Innkeeper Darg Bloodclaw":{"x":-2965,"y":2562,"z":78.6},"Dreg Cloudsweeper":{"x":-4084.32,"y":2186.97,"z":107.585},"Roldemar":{"x":-4141.9,"y":1127.26,"z":44.6148},"Caretaker Aluuro":{"x":-2983.52,"y":863.391,"z":-7.48924},"Grokom Deatheye":{"x":-3093.11,"y":2585.97,"z":62.4486},"Korthul":{"x":-3090,"y":2579,"z":61.79},"Krek Cragcrush":{"x":-3080.71,"y":2614.11,"z":61.729},"Daggle Ironshaper":{"x":-3939.08,"y":2201.25,"z":101.97},"Ordinn Thunderfist":{"x":-3960.61,"y":2199.73,"z":101.924},"Mari Stonehand":{"x":-3966.33,"y":2201.35,"z":101.97},"Alorra":{"x":-4112.08,"y":1177.51,"z":49.6649},"Lelagar":{"x":-4122.7,"y":1171.88,"z":49.6649},"Dunaman":{"x":-3075.54,"y":745.644,"z":-10.063},"Darmend":{"x":-3036.63,"y":865.463,"z":-10.15},"Oronok Torn-heart":{"x":-2810.28,"y":1257.7,"z":74.8815},"Gug":{"x":-5119.8,"y":624.766,"z":86.8275},"Trop Rendlimb":{"x":-2903,"y":2615,"z":93.4},"Kalara":{"x":-2908,"y":2603,"z":93.4},"Targrom":{"x":-2939,"y":2675,"z":93.4},"Dalin Stouthammer":{"x":-4092.84,"y":2188.51,"z":107.031},"Oran Blusterbrew":{"x":-4007.92,"y":2200.37,"z":110.988},"Salle Sunforge":{"x":-3981.61,"y":2235.23,"z":101.97},"Feranin":{"x":-4089.42,"y":1151.9,"z":44.5118},"Arrond":{"x":-4080.25,"y":1149.06,"z":44.5172},"Nanomah":{"x":-2983.09,"y":787.811,"z":-7.97175},"Dearny":{"x":-2998.35,"y":835.078,"z":-9.95219},"Alorya":{"x":-4120.17,"y":1178.49,"z":49.6954},"Dorni":{"x":-2974.32,"y":866.949,"z":-7.3235},"Dama Wildmane":{"x":-3028.09,"y":2624.88,"z":76.543},"Brunn Flamebeard":{"x":-4003.24,"y":2156.47,"z":105.081},"Horus":{"x":-5142.57,"y":581.328,"z":84.1357},"Rumpus":{"x":-5086.27,"y":606.851,"z":85.8097},"Drake Dealer Hurlunk":{"x":-5099.26,"y":617.778,"z":85.9796},"Grutah":{"x":-3103,"y":2595,"z":63},"Celie Steelwing":{"x":-4093.06,"y":2178.5,"z":107.03},"Olrokk":{"x":-3021,"y":2613,"z":77.16},"Ilsa Blusterbrew":{"x":-4011.84,"y":2162.56,"z":105.056},"Niobe Whizzlespark":{"x":-3963.75,"y":2203.92,"z":101.867},"Jonathan Garrett":{"x":-2999.68,"y":2619.98,"z":76.6582},"Brubeck Stormfoot":{"x":-3980.97,"y":2156.29,"z":105.233},"Drek\u0027Gol":{"x":-3018,"y":2556,"z":79.1},"Maddix":{"x":-3062.63,"y":741.933,"z":-10.0639},"Alieshor":{"x":-4067.27,"y":1127.53,"z":43.1093}}
