{"Gholah":{"x":2404.13,"y":5950.76,"z":152.192},"Innkeeper Shaunessy":{"x":2098.18,"y":6903.92,"z":183.313},"Matron Varah":{"x":2227.13,"y":4717.91,"z":162.075},"Fizit \"Doc\" Clocktock":{"x":1944.85,"y":5537.87,"z":266.734},"Innkeeper Aelerya":{"x":3023.56,"y":5435.18,"z":146.617},"Raiza":{"x":2270.27,"y":5964.86,"z":142.641},"Orgatha":{"x":2289.88,"y":6062.31,"z":143.012},"Cahill":{"x":2100.73,"y":6797.84,"z":175.696},"Zinyen Swiftstrider":{"x":3023.43,"y":5504.72,"z":145.829},"Ruka":{"x":2252.67,"y":4760.84,"z":157.631},"Bossi Pentapiston":{"x":1910.42,"y":5548.36,"z":264.016},"Wyrmcult Provisioner":{"x":3164.5,"y":7017.97,"z":161.942},"Ogri\u0027la Steelshaper":{"x":2331.76,"y":7242.9,"z":365.668},"Pol Snowhoof":{"x":2469.7,"y":5975.94,"z":154.795},"Old Orok":{"x":2437.96,"y":5959.57,"z":153.079},"Threlc":{"x":2342.01,"y":6021.99,"z":142.622},"Karnaze":{"x":2328.37,"y":6059.62,"z":142.395},"Caoileann":{"x":2064.58,"y":6771.93,"z":174.878},"Tanaide":{"x":2020.52,"y":6797.61,"z":175.696},"Daga Ramba":{"x":2317.29,"y":6075.06,"z":142.641},"Meminnie":{"x":2884.45,"y":5982.34,"z":3.38883},"Cymbre Starsong":{"x":2984.94,"y":5529.43,"z":147.796},"Rashere Pridehoof":{"x":3000.03,"y":5438.37,"z":146.794},"Noko Moonwhisper":{"x":2946.17,"y":5467.01,"z":146.351},"Xerintha Ravenoak":{"x":2949.44,"y":5456.5,"z":146.314},"Krugash":{"x":2187.25,"y":4802.64,"z":156.213},"Erool":{"x":2173.44,"y":4719.17,"z":156.311},"Braagor":{"x":2233.37,"y":4725,"z":162.212},"Ragar":{"x":2034.42,"y":4691.92,"z":150.218},"Bembil Knockhammer":{"x":1913,"y":5522.93,"z":267.704},"Sassa Weldwell":{"x":1916.92,"y":5522.61,"z":267.704},"Ogri\u0027la Grubgiver":{"x":2302.08,"y":7335.93,"z":366.857},"Ogri\u0027la Merchant":{"x":2292.5,"y":7335.65,"z":366.858},"Ogri\u0027la Trader":{"x":2356.88,"y":7285.94,"z":365.956},"Ogri\u0027la Keg King":{"x":2324.68,"y":7336.14,"z":366.89},"Mingo":{"x":2308.44,"y":7263.41,"z":365.553},"Skyguard Pyrotechnician":{"x":2507.12,"y":7363.66,"z":380.368},"Jho\u0027nass":{"x":2278.7,"y":7330.6,"z":366.763},"Frixee Brasstumbler":{"x":2890.67,"y":5981.48,"z":2.78978},"Fera Palerunner":{"x":2415.58,"y":5915.76,"z":152.4},"Grikka":{"x":2039.82,"y":4675.43,"z":150.074},"Amerun Leafshade":{"x":2187.88,"y":6794,"z":183.413},"Unoke Tenderhoof":{"x":2451.06,"y":6022.06,"z":154.839},"Rip Pedalslam":{"x":1860.71,"y":5528.27,"z":277.588},"Fhyn Leafshadow":{"x":2975.63,"y":5499.79,"z":143.668},"Sky-Master Maxxor":{"x":2023.78,"y":4702.71,"z":150.667}}
