{"Innkeeper Shyria":{"x":-4381.59,"y":3289.45,"z":13.6266},"Innkeeper Greul":{"x":-4460.1,"y":242.722,"z":39.1908},"Rendow":{"x":-4491.6,"y":-768.035,"z":-36.632},"Pratt McGrubben":{"x":-4345.38,"y":3312.75,"z":10.0974},"Worb Strongstitch":{"x":-4339.65,"y":249.374,"z":26.4007},"Cawind Trueaim":{"x":-4484.55,"y":233.527,"z":48.4759},"Dulciea Frostmoon":{"x":-4365.9,"y":3302,"z":13.6392},"Tarhus":{"x":-4447.75,"y":254.45,"z":39.1908},"Jadenvis Seawatcher":{"x":-4316.84,"y":3292.65,"z":19.1552},"Brienna Starglow":{"x":-4495.82,"y":-740.714,"z":-25.4125},"Kalin Windflight":{"x":-3285,"y":2003.85,"z":245.986},"Gregan Brewspewer":{"x":-3551.3,"y":2305.97,"z":62.8218},"Jangdor Swiftstrider":{"x":-4354.65,"y":268.764,"z":26.4007},"Quintis Jonespyre":{"x":-4395.55,"y":3186.61,"z":58.6435},"Mardrack Greenwell":{"x":-4364.43,"y":3284.22,"z":13.6339},"Faralorn":{"x":-4379.03,"y":3311.83,"z":13.6345},"Harklane":{"x":-4509.71,"y":3285.25,"z":14.9415},"Savanne":{"x":-4504.52,"y":3281.26,"z":14.9415},"Vivianna":{"x":-4380.15,"y":3266.08,"z":13.6348},"Loorana":{"x":-4400.11,"y":194.325,"z":26.5111},"Sheendra Tallgrass":{"x":-4346.28,"y":264.606,"z":26.4007},"Logannas":{"x":-4406.66,"y":3171.05,"z":17.6733},"Bronk":{"x":-4372.12,"y":155.68,"z":25.3486},"Zorbin Fandazzle":{"x":-4378.62,"y":2327.33,"z":1.54656},"Caryssia Moonhunter":{"x":-4523.55,"y":-772.933,"z":-40.9368},"Brannock":{"x":-4294.42,"y":3199.97,"z":0.517903},"Kylanna Windwhisper":{"x":-4395.07,"y":3174.23,"z":17.6733},"Xylinnia Starshine":{"x":-4416.97,"y":3249.04,"z":12.3839},"Jannos Lighthoof":{"x":-4325.8,"y":160.51,"z":34.2028},"Kulleg Stonehorn":{"x":-4360.9,"y":266.103,"z":26.4007},"Ruw":{"x":-4374.44,"y":161.097,"z":25.6168},"Hahrana Ironhide":{"x":-4364.53,"y":273.484,"z":26.4007},"Thyssiana":{"x":-4491.12,"y":-778.347,"z":-40.1193},"Fyldren Moonfeather":{"x":-4370.54,"y":3340.11,"z":12.352},"Shyn":{"x":-4421.94,"y":198.146,"z":25.1863}}
