{"Innkeeper Lyshaerya":{"x":255.615,"y":1253.76,"z":192.224},"Innkeeper Sikewa":{"x":-1592.84,"y":3150.27,"z":46.5777},"Maxton Strang":{"x":202.837,"y":1179.19,"z":168.082},"Muuran":{"x":-1241.63,"y":1734,"z":89.9728},"Hae\u0027Wilani":{"x":-1677.03,"y":3073.27,"z":34.6422},"Janet Hommers":{"x":255.034,"y":1257.52,"z":192.224},"Harnor":{"x":-1144.79,"y":1931.35,"z":89.2302},"Kireena":{"x":-1153.31,"y":1941.54,"z":88.9524},"Tukk":{"x":-1701.76,"y":3112.57,"z":32.7567},"Lah\u0027Mawhani":{"x":-1694.69,"y":3195.35,"z":8.03622},"Mai\u0027Lahii":{"x":-1705.49,"y":3215.33,"z":8.01613},"Wulan":{"x":-1635.92,"y":3056.89,"z":51.7528},"Christi Galvanis":{"x":243.016,"y":1238.59,"z":192.236},"Narv Hidecrafter":{"x":-1236.88,"y":1749.59,"z":90.3568},"Malux":{"x":-1637.97,"y":3188.65,"z":29.9849},"Lui\u0027Mala":{"x":-1719.02,"y":3212.89,"z":4.38054},"Baritanas Skyriver":{"x":136.218,"y":1326.33,"z":193.582},"Thalon":{"x":-1770.37,"y":3262.19,"z":5.10852}}
